id,REG_YYMM,CARD_SIDO_NM,STD_CLSS_NM,AMT
0,0,0,0,0.0
0,0,0,0,0.0
0,0,0,0,0.0
0,0,0,0,0.0
0,0,0,0,0.0
0,0,0,0,0.0
0,0,0,0,0.0
0,0,0,0,0.0
0,0,0,0,0.0
0,0,0,0,0.0
0,0,0,0,0.0
0,0,0,0,0.0
0,0,0,0,0.0
0,0,0,0,0.0
0,0,0,0,0.0
0,0,0,0,0.0
0,0,0,0,0.0
0,0,0,0,0.0
0,0,0,0,0.0
0,0,0,0,0.0
0,0,0,0,0.0
0,0,0,0,0.0
0,0,0,0,0.0
0,0,0,0,0.0
0,0,0,0,0.0
0,0,0,0,0.0
0,0,0,0,0.0
0,0,0,0,0.0
0,0,0,0,0.0
0,0,0,0,0.0
30,202004,강원,정기 항공 운송업,0.0
0,0,0,0,0.0
0,0,0,0,0.0
0,0,0,0,0.0
0,0,0,0,0.0
0,0,0,0,0.0
0,0,0,0,0.0
0,0,0,0,0.0
0,0,0,0,0.0
0,0,0,0,0.0
0,0,0,0,0.0
0,0,0,0,0.0
0,0,0,0,0.0
0,0,0,0,0.0
0,0,0,0,0.0
0,0,0,0,0.0
0,0,0,0,0.0
0,0,0,0,0.0
0,0,0,0,0.0
0,0,0,0,0.0
0,0,0,0,0.0
0,0,0,0,0.0
0,0,0,0,0.0
0,0,0,0,0.0
0,0,0,0,0.0
55,202004,경기,면세점,0.0
0,0,0,0,0.0
0,0,0,0,0.0
0,0,0,0,0.0
0,0,0,0,0.0
0,0,0,0,0.0
0,0,0,0,0.0
0,0,0,0,0.0
0,0,0,0,0.0
0,0,0,0,0.0
0,0,0,0,0.0
0,0,0,0,0.0
0,0,0,0,0.0
0,0,0,0,0.0
0,0,0,0,0.0
0,0,0,0,0.0
71,202004,경기,정기 항공 운송업,0.0
0,0,0,0,0.0
0,0,0,0,0.0
0,0,0,0,0.0
0,0,0,0,0.0
0,0,0,0,0.0
0,0,0,0,0.0
0,0,0,0,0.0
0,0,0,0,0.0
0,0,0,0,0.0
0,0,0,0,0.0
0,0,0,0,0.0
0,0,0,0,0.0
0,0,0,0,0.0
0,0,0,0,0.0
0,0,0,0,0.0
0,0,0,0,0.0
0,0,0,0,0.0
0,0,0,0,0.0
0,0,0,0,0.0
0,0,0,0,0.0
0,0,0,0,0.0
0,0,0,0,0.0
0,0,0,0,0.0
0,0,0,0,0.0
96,202004,경남,면세점,0.0
0,0,0,0,0.0
0,0,0,0,0.0
0,0,0,0,0.0
0,0,0,0,0.0
0,0,0,0,0.0
0,0,0,0,0.0
0,0,0,0,0.0
0,0,0,0,0.0
0,0,0,0,0.0
0,0,0,0,0.0
0,0,0,0,0.0
0,0,0,0,0.0
0,0,0,0,0.0
0,0,0,0,0.0
0,0,0,0,0.0
112,202004,경남,정기 항공 운송업,0.0
0,0,0,0,0.0
0,0,0,0,0.0
0,0,0,0,0.0
0,0,0,0,0.0
0,0,0,0,0.0
0,0,0,0,0.0
0,0,0,0,0.0
0,0,0,0,0.0
0,0,0,0,0.0
0,0,0,0,0.0
0,0,0,0,0.0
0,0,0,0,0.0
0,0,0,0,0.0
0,0,0,0,0.0
0,0,0,0,0.0
0,0,0,0,0.0
0,0,0,0,0.0
0,0,0,0,0.0
0,0,0,0,0.0
0,0,0,0,0.0
0,0,0,0,0.0
0,0,0,0,0.0
0,0,0,0,0.0
0,0,0,0,0.0
137,202004,경북,면세점,0.0
0,0,0,0,0.0
0,0,0,0,0.0
0,0,0,0,0.0
0,0,0,0,0.0
0,0,0,0,0.0
0,0,0,0,0.0
0,0,0,0,0.0
0,0,0,0,0.0
0,0,0,0,0.0
0,0,0,0,0.0
0,0,0,0,0.0
0,0,0,0,0.0
0,0,0,0,0.0
0,0,0,0,0.0
0,0,0,0,0.0
153,202004,경북,정기 항공 운송업,0.0
0,0,0,0,0.0
0,0,0,0,0.0
0,0,0,0,0.0
0,0,0,0,0.0
0,0,0,0,0.0
0,0,0,0,0.0
0,0,0,0,0.0
0,0,0,0,0.0
0,0,0,0,0.0
0,0,0,0,0.0
0,0,0,0,0.0
0,0,0,0,0.0
0,0,0,0,0.0
0,0,0,0,0.0
168,202004,광주,그외 기타 분류안된 오락관련 서비스업,0.0
0,0,0,0,0.0
0,0,0,0,0.0
0,0,0,0,0.0
0,0,0,0,0.0
0,0,0,0,0.0
0,0,0,0,0.0
0,0,0,0,0.0
0,0,0,0,0.0
0,0,0,0,0.0
178,202004,광주,면세점,0.0
0,0,0,0,0.0
0,0,0,0,0.0
0,0,0,0,0.0
0,0,0,0,0.0
0,0,0,0,0.0
0,0,0,0,0.0
0,0,0,0,0.0
0,0,0,0,0.0
0,0,0,0,0.0
0,0,0,0,0.0
0,0,0,0,0.0
0,0,0,0,0.0
0,0,0,0,0.0
0,0,0,0,0.0
0,0,0,0,0.0
194,202004,광주,정기 항공 운송업,0.0
0,0,0,0,0.0
0,0,0,0,0.0
0,0,0,0,0.0
0,0,0,0,0.0
0,0,0,0,0.0
0,0,0,0,0.0
0,0,0,0,0.0
0,0,0,0,0.0
0,0,0,0,0.0
204,202004,광주,휴양콘도 운영업,0.0
0,0,0,0,0.0
0,0,0,0,0.0
0,0,0,0,0.0
0,0,0,0,0.0
209,202004,대구,그외 기타 분류안된 오락관련 서비스업,0.0
0,0,0,0,0.0
0,0,0,0,0.0
0,0,0,0,0.0
0,0,0,0,0.0
0,0,0,0,0.0
0,0,0,0,0.0
0,0,0,0,0.0
217,202004,대구,내항 여객 운송업,0.0
0,0,0,0,0.0
0,0,0,0,0.0
0,0,0,0,0.0
0,0,0,0,0.0
0,0,0,0,0.0
0,0,0,0,0.0
0,0,0,0,0.0
0,0,0,0,0.0
0,0,0,0,0.0
0,0,0,0,0.0
0,0,0,0,0.0
0,0,0,0,0.0
0,0,0,0,0.0
0,0,0,0,0.0
0,0,0,0,0.0
0,0,0,0,0.0
0,0,0,0,0.0
235,202004,대구,정기 항공 운송업,0.0
0,0,0,0,0.0
0,0,0,0,0.0
0,0,0,0,0.0
0,0,0,0,0.0
0,0,0,0,0.0
0,0,0,0,0.0
0,0,0,0,0.0
0,0,0,0,0.0
0,0,0,0,0.0
245,202004,대구,휴양콘도 운영업,0.0
0,0,0,0,0.0
0,0,0,0,0.0
0,0,0,0,0.0
0,0,0,0,0.0
250,202004,대전,그외 기타 분류안된 오락관련 서비스업,0.0
0,0,0,0,0.0
0,0,0,0,0.0
0,0,0,0,0.0
0,0,0,0,0.0
0,0,0,0,0.0
0,0,0,0,0.0
0,0,0,0,0.0
258,202004,대전,내항 여객 운송업,0.0
0,0,0,0,0.0
260,202004,대전,면세점,0.0
261,202004,대전,버스 운송업,0.0
0,0,0,0,0.0
0,0,0,0,0.0
0,0,0,0,0.0
0,0,0,0,0.0
0,0,0,0,0.0
0,0,0,0,0.0
0,0,0,0,0.0
0,0,0,0,0.0
0,0,0,0,0.0
0,0,0,0,0.0
0,0,0,0,0.0
0,0,0,0,0.0
0,0,0,0,0.0
0,0,0,0,0.0
276,202004,대전,정기 항공 운송업,0.0
0,0,0,0,0.0
0,0,0,0,0.0
0,0,0,0,0.0
0,0,0,0,0.0
281,202004,대전,택시 운송업,0.0
0,0,0,0,0.0
0,0,0,0,0.0
0,0,0,0,0.0
0,0,0,0,0.0
286,202004,대전,휴양콘도 운영업,0.0
0,0,0,0,0.0
0,0,0,0,0.0
0,0,0,0,0.0
0,0,0,0,0.0
291,202004,부산,그외 기타 분류안된 오락관련 서비스업,0.0
0,0,0,0,0.0
0,0,0,0,0.0
0,0,0,0,0.0
0,0,0,0,0.0
0,0,0,0,0.0
0,0,0,0,0.0
0,0,0,0,0.0
0,0,0,0,0.0
0,0,0,0,0.0
0,0,0,0,0.0
0,0,0,0,0.0
0,0,0,0,0.0
0,0,0,0,0.0
0,0,0,0,0.0
0,0,0,0,0.0
0,0,0,0,0.0
0,0,0,0,0.0
0,0,0,0,0.0
0,0,0,0,0.0
0,0,0,0,0.0
0,0,0,0,0.0
0,0,0,0,0.0
0,0,0,0,0.0
0,0,0,0,0.0
0,0,0,0,0.0
0,0,0,0,0.0
0,0,0,0,0.0
0,0,0,0,0.0
0,0,0,0,0.0
0,0,0,0,0.0
0,0,0,0,0.0
0,0,0,0,0.0
0,0,0,0,0.0
0,0,0,0,0.0
0,0,0,0,0.0
0,0,0,0,0.0
0,0,0,0,0.0
0,0,0,0,0.0
0,0,0,0,0.0
0,0,0,0,0.0
332,202004,서울,그외 기타 분류안된 오락관련 서비스업,0.0
0,0,0,0,0.0
0,0,0,0,0.0
0,0,0,0,0.0
0,0,0,0,0.0
0,0,0,0,0.0
0,0,0,0,0.0
0,0,0,0,0.0
0,0,0,0,0.0
0,0,0,0,0.0
0,0,0,0,0.0
0,0,0,0,0.0
0,0,0,0,0.0
0,0,0,0,0.0
0,0,0,0,0.0
0,0,0,0,0.0
0,0,0,0,0.0
0,0,0,0,0.0
0,0,0,0,0.0
0,0,0,0,0.0
0,0,0,0,0.0
0,0,0,0,0.0
0,0,0,0,0.0
0,0,0,0,0.0
0,0,0,0,0.0
0,0,0,0,0.0
0,0,0,0,0.0
0,0,0,0,0.0
0,0,0,0,0.0
0,0,0,0,0.0
0,0,0,0,0.0
0,0,0,0,0.0
0,0,0,0,0.0
0,0,0,0,0.0
0,0,0,0,0.0
0,0,0,0,0.0
368,202004,서울,휴양콘도 운영업,0.0
0,0,0,0,0.0
0,0,0,0,0.0
0,0,0,0,0.0
0,0,0,0,0.0
0,0,0,0,0.0
0,0,0,0,0.0
0,0,0,0,0.0
0,0,0,0,0.0
0,0,0,0,0.0
0,0,0,0,0.0
0,0,0,0,0.0
0,0,0,0,0.0
381,202004,세종,내항 여객 운송업,0.0
0,0,0,0,0.0
383,202004,세종,면세점,0.0
384,202004,세종,버스 운송업,0.0
0,0,0,0,0.0
0,0,0,0,0.0
0,0,0,0,0.0
0,0,0,0,0.0
0,0,0,0,0.0
0,0,0,0,0.0
0,0,0,0,0.0
392,202004,세종,여행사업,0.0
0,0,0,0,0.0
0,0,0,0,0.0
0,0,0,0,0.0
0,0,0,0,0.0
397,202004,세종,자동차 임대업,0.0
0,0,0,0,0.0
399,202004,세종,정기 항공 운송업,0.0
0,0,0,0,0.0
0,0,0,0,0.0
0,0,0,0,0.0
0,0,0,0,0.0
404,202004,세종,택시 운송업,0.0
0,0,0,0,0.0
0,0,0,0,0.0
407,202004,세종,호텔업,0.0
0,0,0,0,0.0
409,202004,세종,휴양콘도 운영업,0.0
0,0,0,0,0.0
0,0,0,0,0.0
0,0,0,0,0.0
0,0,0,0,0.0
0,0,0,0,0.0
0,0,0,0,0.0
0,0,0,0,0.0
0,0,0,0,0.0
0,0,0,0,0.0
0,0,0,0,0.0
0,0,0,0,0.0
0,0,0,0,0.0
422,202004,울산,내항 여객 운송업,0.0
0,0,0,0,0.0
0,0,0,0,0.0
0,0,0,0,0.0
0,0,0,0,0.0
0,0,0,0,0.0
0,0,0,0,0.0
0,0,0,0,0.0
0,0,0,0,0.0
0,0,0,0,0.0
0,0,0,0,0.0
0,0,0,0,0.0
0,0,0,0,0.0
0,0,0,0,0.0
0,0,0,0,0.0
0,0,0,0,0.0
0,0,0,0,0.0
0,0,0,0,0.0
440,202004,울산,정기 항공 운송업,0.0
0,0,0,0,0.0
0,0,0,0,0.0
0,0,0,0,0.0
0,0,0,0,0.0
0,0,0,0,0.0
0,0,0,0,0.0
0,0,0,0,0.0
0,0,0,0,0.0
0,0,0,0,0.0
450,202004,울산,휴양콘도 운영업,0.0
0,0,0,0,0.0
0,0,0,0,0.0
0,0,0,0,0.0
0,0,0,0,0.0
455,202004,인천,그외 기타 분류안된 오락관련 서비스업,0.0
0,0,0,0,0.0
0,0,0,0,0.0
0,0,0,0,0.0
0,0,0,0,0.0
0,0,0,0,0.0
0,0,0,0,0.0
0,0,0,0,0.0
0,0,0,0,0.0
0,0,0,0,0.0
0,0,0,0,0.0
466,202004,인천,버스 운송업,0.0
0,0,0,0,0.0
0,0,0,0,0.0
0,0,0,0,0.0
0,0,0,0,0.0
0,0,0,0,0.0
0,0,0,0,0.0
0,0,0,0,0.0
0,0,0,0,0.0
0,0,0,0,0.0
0,0,0,0,0.0
0,0,0,0,0.0
0,0,0,0,0.0
0,0,0,0,0.0
0,0,0,0,0.0
0,0,0,0,0.0
0,0,0,0,0.0
0,0,0,0,0.0
0,0,0,0,0.0
0,0,0,0,0.0
0,0,0,0,0.0
0,0,0,0,0.0
0,0,0,0,0.0
0,0,0,0,0.0
0,0,0,0,0.0
491,202004,인천,휴양콘도 운영업,0.0
0,0,0,0,0.0
0,0,0,0,0.0
0,0,0,0,0.0
0,0,0,0,0.0
0,0,0,0,0.0
0,0,0,0,0.0
0,0,0,0,0.0
0,0,0,0,0.0
0,0,0,0,0.0
0,0,0,0,0.0
0,0,0,0,0.0
0,0,0,0,0.0
0,0,0,0,0.0
0,0,0,0,0.0
0,0,0,0,0.0
0,0,0,0,0.0
0,0,0,0,0.0
0,0,0,0,0.0
0,0,0,0,0.0
0,0,0,0,0.0
0,0,0,0,0.0
0,0,0,0,0.0
0,0,0,0,0.0
0,0,0,0,0.0
0,0,0,0,0.0
0,0,0,0,0.0
0,0,0,0,0.0
0,0,0,0,0.0
0,0,0,0,0.0
0,0,0,0,0.0
522,202004,전남,정기 항공 운송업,0.0
0,0,0,0,0.0
0,0,0,0,0.0
0,0,0,0,0.0
0,0,0,0,0.0
0,0,0,0,0.0
0,0,0,0,0.0
0,0,0,0,0.0
0,0,0,0,0.0
0,0,0,0,0.0
0,0,0,0,0.0
0,0,0,0,0.0
0,0,0,0,0.0
0,0,0,0,0.0
0,0,0,0,0.0
537,202004,전북,그외 기타 분류안된 오락관련 서비스업,0.0
0,0,0,0,0.0
0,0,0,0,0.0
0,0,0,0,0.0
0,0,0,0,0.0
0,0,0,0,0.0
0,0,0,0,0.0
0,0,0,0,0.0
0,0,0,0,0.0
0,0,0,0,0.0
547,202004,전북,면세점,0.0
0,0,0,0,0.0
0,0,0,0,0.0
0,0,0,0,0.0
0,0,0,0,0.0
0,0,0,0,0.0
0,0,0,0,0.0
0,0,0,0,0.0
0,0,0,0,0.0
0,0,0,0,0.0
0,0,0,0,0.0
0,0,0,0,0.0
0,0,0,0,0.0
0,0,0,0,0.0
0,0,0,0,0.0
0,0,0,0,0.0
0,0,0,0,0.0
0,0,0,0,0.0
0,0,0,0,0.0
0,0,0,0,0.0
0,0,0,0,0.0
0,0,0,0,0.0
0,0,0,0,0.0
0,0,0,0,0.0
0,0,0,0,0.0
0,0,0,0,0.0
0,0,0,0,0.0
0,0,0,0,0.0
0,0,0,0,0.0
0,0,0,0,0.0
0,0,0,0,0.0
0,0,0,0,0.0
0,0,0,0,0.0
0,0,0,0,0.0
0,0,0,0,0.0
0,0,0,0,0.0
0,0,0,0,0.0
0,0,0,0,0.0
0,0,0,0,0.0
0,0,0,0,0.0
0,0,0,0,0.0
0,0,0,0,0.0
589,202004,제주,버스 운송업,0.0
0,0,0,0,0.0
0,0,0,0,0.0
0,0,0,0,0.0
0,0,0,0,0.0
0,0,0,0,0.0
0,0,0,0,0.0
0,0,0,0,0.0
0,0,0,0,0.0
0,0,0,0,0.0
0,0,0,0,0.0
0,0,0,0,0.0
0,0,0,0,0.0
0,0,0,0,0.0
0,0,0,0,0.0
0,0,0,0,0.0
0,0,0,0,0.0
0,0,0,0,0.0
0,0,0,0,0.0
0,0,0,0,0.0
0,0,0,0,0.0
0,0,0,0,0.0
0,0,0,0,0.0
0,0,0,0,0.0
0,0,0,0,0.0
0,0,0,0,0.0
0,0,0,0,0.0
0,0,0,0,0.0
0,0,0,0,0.0
0,0,0,0,0.0
0,0,0,0,0.0
0,0,0,0,0.0
0,0,0,0,0.0
0,0,0,0,0.0
0,0,0,0,0.0
0,0,0,0,0.0
0,0,0,0,0.0
0,0,0,0,0.0
0,0,0,0,0.0
0,0,0,0,0.0
629,202004,충남,면세점,0.0
0,0,0,0,0.0
0,0,0,0,0.0
0,0,0,0,0.0
0,0,0,0,0.0
0,0,0,0,0.0
0,0,0,0,0.0
0,0,0,0,0.0
0,0,0,0,0.0
0,0,0,0,0.0
0,0,0,0,0.0
0,0,0,0,0.0
0,0,0,0,0.0
0,0,0,0,0.0
0,0,0,0,0.0
0,0,0,0,0.0
0,0,0,0,0.0
0,0,0,0,0.0
0,0,0,0,0.0
0,0,0,0,0.0
0,0,0,0,0.0
0,0,0,0,0.0
0,0,0,0,0.0
0,0,0,0,0.0
0,0,0,0,0.0
0,0,0,0,0.0
0,0,0,0,0.0
0,0,0,0,0.0
0,0,0,0,0.0
0,0,0,0,0.0
0,0,0,0,0.0
660,202004,충북,그외 기타 분류안된 오락관련 서비스업,0.0
0,0,0,0,0.0
0,0,0,0,0.0
0,0,0,0,0.0
0,0,0,0,0.0
0,0,0,0,0.0
0,0,0,0,0.0
0,0,0,0,0.0
0,0,0,0,0.0
0,0,0,0,0.0
0,0,0,0,0.0
0,0,0,0,0.0
0,0,0,0,0.0
0,0,0,0,0.0
0,0,0,0,0.0
0,0,0,0,0.0
0,0,0,0,0.0
0,0,0,0,0.0
0,0,0,0,0.0
0,0,0,0,0.0
0,0,0,0,0.0
0,0,0,0,0.0
0,0,0,0,0.0
0,0,0,0,0.0
0,0,0,0,0.0
0,0,0,0,0.0
686,202004,충북,정기 항공 운송업,0.0
0,0,0,0,0.0
0,0,0,0,0.0
0,0,0,0,0.0
0,0,0,0,0.0
0,0,0,0,0.0
0,0,0,0,0.0
0,0,0,0,0.0
0,0,0,0,0.0
0,0,0,0,0.0
0,0,0,0,0.0
0,0,0,0,0.0
0,0,0,0,0.0
0,0,0,0,0.0
0,0,0,0,0.0
0,0,0,0,0.0
0,0,0,0,0.0
0,0,0,0,0.0
0,0,0,0,0.0
0,0,0,0,0.0
0,0,0,0,0.0
0,0,0,0,0.0
0,0,0,0,0.0
0,0,0,0,0.0
0,0,0,0,0.0
0,0,0,0,0.0
0,0,0,0,0.0
0,0,0,0,0.0
0,0,0,0,0.0
0,0,0,0,0.0
0,0,0,0,0.0
0,0,0,0,0.0
0,0,0,0,0.0
0,0,0,0,0.0
0,0,0,0,0.0
0,0,0,0,0.0
0,0,0,0,0.0
0,0,0,0,0.0
0,0,0,0,0.0
0,0,0,0,0.0
0,0,0,0,0.0
727,202007,강원,정기 항공 운송업,0.0
0,0,0,0,0.0
0,0,0,0,0.0
0,0,0,0,0.0
0,0,0,0,0.0
0,0,0,0,0.0
0,0,0,0,0.0
0,0,0,0,0.0
0,0,0,0,0.0
0,0,0,0,0.0
0,0,0,0,0.0
0,0,0,0,0.0
0,0,0,0,0.0
0,0,0,0,0.0
0,0,0,0,0.0
0,0,0,0,0.0
0,0,0,0,0.0
0,0,0,0,0.0
0,0,0,0,0.0
0,0,0,0,0.0
0,0,0,0,0.0
0,0,0,0,0.0
0,0,0,0,0.0
0,0,0,0,0.0
0,0,0,0,0.0
752,202007,경기,면세점,0.0
0,0,0,0,0.0
0,0,0,0,0.0
0,0,0,0,0.0
0,0,0,0,0.0
0,0,0,0,0.0
0,0,0,0,0.0
0,0,0,0,0.0
0,0,0,0,0.0
0,0,0,0,0.0
0,0,0,0,0.0
0,0,0,0,0.0
0,0,0,0,0.0
0,0,0,0,0.0
0,0,0,0,0.0
0,0,0,0,0.0
768,202007,경기,정기 항공 운송업,0.0
0,0,0,0,0.0
0,0,0,0,0.0
0,0,0,0,0.0
0,0,0,0,0.0
0,0,0,0,0.0
0,0,0,0,0.0
0,0,0,0,0.0
0,0,0,0,0.0
0,0,0,0,0.0
0,0,0,0,0.0
0,0,0,0,0.0
0,0,0,0,0.0
0,0,0,0,0.0
0,0,0,0,0.0
0,0,0,0,0.0
0,0,0,0,0.0
0,0,0,0,0.0
0,0,0,0,0.0
0,0,0,0,0.0
0,0,0,0,0.0
0,0,0,0,0.0
0,0,0,0,0.0
0,0,0,0,0.0
0,0,0,0,0.0
793,202007,경남,면세점,0.0
0,0,0,0,0.0
0,0,0,0,0.0
0,0,0,0,0.0
0,0,0,0,0.0
0,0,0,0,0.0
0,0,0,0,0.0
0,0,0,0,0.0
0,0,0,0,0.0
0,0,0,0,0.0
0,0,0,0,0.0
0,0,0,0,0.0
0,0,0,0,0.0
0,0,0,0,0.0
0,0,0,0,0.0
0,0,0,0,0.0
809,202007,경남,정기 항공 운송업,0.0
0,0,0,0,0.0
0,0,0,0,0.0
0,0,0,0,0.0
0,0,0,0,0.0
0,0,0,0,0.0
0,0,0,0,0.0
0,0,0,0,0.0
0,0,0,0,0.0
0,0,0,0,0.0
0,0,0,0,0.0
0,0,0,0,0.0
0,0,0,0,0.0
0,0,0,0,0.0
0,0,0,0,0.0
0,0,0,0,0.0
0,0,0,0,0.0
0,0,0,0,0.0
0,0,0,0,0.0
0,0,0,0,0.0
0,0,0,0,0.0
0,0,0,0,0.0
0,0,0,0,0.0
0,0,0,0,0.0
0,0,0,0,0.0
834,202007,경북,면세점,0.0
0,0,0,0,0.0
0,0,0,0,0.0
0,0,0,0,0.0
0,0,0,0,0.0
0,0,0,0,0.0
0,0,0,0,0.0
0,0,0,0,0.0
0,0,0,0,0.0
0,0,0,0,0.0
0,0,0,0,0.0
0,0,0,0,0.0
0,0,0,0,0.0
0,0,0,0,0.0
0,0,0,0,0.0
0,0,0,0,0.0
850,202007,경북,정기 항공 운송업,0.0
0,0,0,0,0.0
0,0,0,0,0.0
0,0,0,0,0.0
0,0,0,0,0.0
0,0,0,0,0.0
0,0,0,0,0.0
0,0,0,0,0.0
0,0,0,0,0.0
0,0,0,0,0.0
0,0,0,0,0.0
0,0,0,0,0.0
0,0,0,0,0.0
0,0,0,0,0.0
0,0,0,0,0.0
865,202007,광주,그외 기타 분류안된 오락관련 서비스업,0.0
0,0,0,0,0.0
0,0,0,0,0.0
0,0,0,0,0.0
0,0,0,0,0.0
0,0,0,0,0.0
0,0,0,0,0.0
0,0,0,0,0.0
0,0,0,0,0.0
0,0,0,0,0.0
875,202007,광주,면세점,0.0
0,0,0,0,0.0
0,0,0,0,0.0
0,0,0,0,0.0
0,0,0,0,0.0
0,0,0,0,0.0
0,0,0,0,0.0
0,0,0,0,0.0
0,0,0,0,0.0
0,0,0,0,0.0
0,0,0,0,0.0
0,0,0,0,0.0
0,0,0,0,0.0
0,0,0,0,0.0
0,0,0,0,0.0
0,0,0,0,0.0
891,202007,광주,정기 항공 운송업,0.0
0,0,0,0,0.0
0,0,0,0,0.0
0,0,0,0,0.0
0,0,0,0,0.0
0,0,0,0,0.0
0,0,0,0,0.0
0,0,0,0,0.0
0,0,0,0,0.0
0,0,0,0,0.0
901,202007,광주,휴양콘도 운영업,0.0
0,0,0,0,0.0
0,0,0,0,0.0
0,0,0,0,0.0
0,0,0,0,0.0
906,202007,대구,그외 기타 분류안된 오락관련 서비스업,0.0
0,0,0,0,0.0
0,0,0,0,0.0
0,0,0,0,0.0
0,0,0,0,0.0
0,0,0,0,0.0
0,0,0,0,0.0
0,0,0,0,0.0
914,202007,대구,내항 여객 운송업,0.0
0,0,0,0,0.0
0,0,0,0,0.0
0,0,0,0,0.0
0,0,0,0,0.0
0,0,0,0,0.0
0,0,0,0,0.0
0,0,0,0,0.0
0,0,0,0,0.0
0,0,0,0,0.0
0,0,0,0,0.0
0,0,0,0,0.0
0,0,0,0,0.0
0,0,0,0,0.0
0,0,0,0,0.0
0,0,0,0,0.0
0,0,0,0,0.0
0,0,0,0,0.0
932,202007,대구,정기 항공 운송업,0.0
0,0,0,0,0.0
0,0,0,0,0.0
0,0,0,0,0.0
0,0,0,0,0.0
0,0,0,0,0.0
0,0,0,0,0.0
0,0,0,0,0.0
0,0,0,0,0.0
0,0,0,0,0.0
942,202007,대구,휴양콘도 운영업,0.0
0,0,0,0,0.0
0,0,0,0,0.0
0,0,0,0,0.0
0,0,0,0,0.0
947,202007,대전,그외 기타 분류안된 오락관련 서비스업,0.0
0,0,0,0,0.0
0,0,0,0,0.0
0,0,0,0,0.0
0,0,0,0,0.0
0,0,0,0,0.0
0,0,0,0,0.0
0,0,0,0,0.0
955,202007,대전,내항 여객 운송업,0.0
0,0,0,0,0.0
957,202007,대전,면세점,0.0
958,202007,대전,버스 운송업,0.0
0,0,0,0,0.0
0,0,0,0,0.0
0,0,0,0,0.0
0,0,0,0,0.0
0,0,0,0,0.0
0,0,0,0,0.0
0,0,0,0,0.0
0,0,0,0,0.0
0,0,0,0,0.0
0,0,0,0,0.0
0,0,0,0,0.0
0,0,0,0,0.0
0,0,0,0,0.0
0,0,0,0,0.0
973,202007,대전,정기 항공 운송업,0.0
0,0,0,0,0.0
0,0,0,0,0.0
0,0,0,0,0.0
0,0,0,0,0.0
978,202007,대전,택시 운송업,0.0
0,0,0,0,0.0
0,0,0,0,0.0
0,0,0,0,0.0
0,0,0,0,0.0
983,202007,대전,휴양콘도 운영업,0.0
0,0,0,0,0.0
0,0,0,0,0.0
0,0,0,0,0.0
0,0,0,0,0.0
988,202007,부산,그외 기타 분류안된 오락관련 서비스업,0.0
0,0,0,0,0.0
0,0,0,0,0.0
0,0,0,0,0.0
0,0,0,0,0.0
0,0,0,0,0.0
0,0,0,0,0.0
0,0,0,0,0.0
0,0,0,0,0.0
0,0,0,0,0.0
0,0,0,0,0.0
0,0,0,0,0.0
0,0,0,0,0.0
0,0,0,0,0.0
0,0,0,0,0.0
0,0,0,0,0.0
0,0,0,0,0.0
0,0,0,0,0.0
0,0,0,0,0.0
0,0,0,0,0.0
0,0,0,0,0.0
0,0,0,0,0.0
0,0,0,0,0.0
0,0,0,0,0.0
0,0,0,0,0.0
0,0,0,0,0.0
0,0,0,0,0.0
0,0,0,0,0.0
0,0,0,0,0.0
0,0,0,0,0.0
0,0,0,0,0.0
0,0,0,0,0.0
0,0,0,0,0.0
0,0,0,0,0.0
0,0,0,0,0.0
0,0,0,0,0.0
0,0,0,0,0.0
0,0,0,0,0.0
0,0,0,0,0.0
0,0,0,0,0.0
0,0,0,0,0.0
1029,202007,서울,그외 기타 분류안된 오락관련 서비스업,0.0
0,0,0,0,0.0
0,0,0,0,0.0
0,0,0,0,0.0
0,0,0,0,0.0
0,0,0,0,0.0
0,0,0,0,0.0
0,0,0,0,0.0
0,0,0,0,0.0
0,0,0,0,0.0
0,0,0,0,0.0
0,0,0,0,0.0
0,0,0,0,0.0
0,0,0,0,0.0
0,0,0,0,0.0
0,0,0,0,0.0
0,0,0,0,0.0
0,0,0,0,0.0
0,0,0,0,0.0
0,0,0,0,0.0
0,0,0,0,0.0
0,0,0,0,0.0
0,0,0,0,0.0
0,0,0,0,0.0
0,0,0,0,0.0
0,0,0,0,0.0
0,0,0,0,0.0
0,0,0,0,0.0
0,0,0,0,0.0
0,0,0,0,0.0
0,0,0,0,0.0
0,0,0,0,0.0
0,0,0,0,0.0
0,0,0,0,0.0
0,0,0,0,0.0
0,0,0,0,0.0
1065,202007,서울,휴양콘도 운영업,0.0
0,0,0,0,0.0
0,0,0,0,0.0
0,0,0,0,0.0
0,0,0,0,0.0
0,0,0,0,0.0
0,0,0,0,0.0
0,0,0,0,0.0
0,0,0,0,0.0
0,0,0,0,0.0
0,0,0,0,0.0
0,0,0,0,0.0
0,0,0,0,0.0
1078,202007,세종,내항 여객 운송업,0.0
0,0,0,0,0.0
1080,202007,세종,면세점,0.0
1081,202007,세종,버스 운송업,0.0
0,0,0,0,0.0
0,0,0,0,0.0
0,0,0,0,0.0
0,0,0,0,0.0
0,0,0,0,0.0
0,0,0,0,0.0
0,0,0,0,0.0
1089,202007,세종,여행사업,0.0
0,0,0,0,0.0
0,0,0,0,0.0
0,0,0,0,0.0
0,0,0,0,0.0
1094,202007,세종,자동차 임대업,0.0
0,0,0,0,0.0
1096,202007,세종,정기 항공 운송업,0.0
0,0,0,0,0.0
0,0,0,0,0.0
0,0,0,0,0.0
0,0,0,0,0.0
1101,202007,세종,택시 운송업,0.0
0,0,0,0,0.0
0,0,0,0,0.0
1104,202007,세종,호텔업,0.0
0,0,0,0,0.0
1106,202007,세종,휴양콘도 운영업,0.0
0,0,0,0,0.0
0,0,0,0,0.0
0,0,0,0,0.0
0,0,0,0,0.0
0,0,0,0,0.0
0,0,0,0,0.0
0,0,0,0,0.0
0,0,0,0,0.0
0,0,0,0,0.0
0,0,0,0,0.0
0,0,0,0,0.0
0,0,0,0,0.0
1119,202007,울산,내항 여객 운송업,0.0
0,0,0,0,0.0
0,0,0,0,0.0
0,0,0,0,0.0
0,0,0,0,0.0
0,0,0,0,0.0
0,0,0,0,0.0
0,0,0,0,0.0
0,0,0,0,0.0
0,0,0,0,0.0
0,0,0,0,0.0
0,0,0,0,0.0
0,0,0,0,0.0
0,0,0,0,0.0
0,0,0,0,0.0
0,0,0,0,0.0
0,0,0,0,0.0
0,0,0,0,0.0
1137,202007,울산,정기 항공 운송업,0.0
0,0,0,0,0.0
0,0,0,0,0.0
0,0,0,0,0.0
0,0,0,0,0.0
0,0,0,0,0.0
0,0,0,0,0.0
0,0,0,0,0.0
0,0,0,0,0.0
0,0,0,0,0.0
1147,202007,울산,휴양콘도 운영업,0.0
0,0,0,0,0.0
0,0,0,0,0.0
0,0,0,0,0.0
0,0,0,0,0.0
1152,202007,인천,그외 기타 분류안된 오락관련 서비스업,0.0
0,0,0,0,0.0
0,0,0,0,0.0
0,0,0,0,0.0
0,0,0,0,0.0
0,0,0,0,0.0
0,0,0,0,0.0
0,0,0,0,0.0
0,0,0,0,0.0
0,0,0,0,0.0
0,0,0,0,0.0
1163,202007,인천,버스 운송업,0.0
0,0,0,0,0.0
0,0,0,0,0.0
0,0,0,0,0.0
0,0,0,0,0.0
0,0,0,0,0.0
0,0,0,0,0.0
0,0,0,0,0.0
0,0,0,0,0.0
0,0,0,0,0.0
0,0,0,0,0.0
0,0,0,0,0.0
0,0,0,0,0.0
0,0,0,0,0.0
0,0,0,0,0.0
0,0,0,0,0.0
0,0,0,0,0.0
0,0,0,0,0.0
0,0,0,0,0.0
0,0,0,0,0.0
0,0,0,0,0.0
0,0,0,0,0.0
0,0,0,0,0.0
0,0,0,0,0.0
0,0,0,0,0.0
1188,202007,인천,휴양콘도 운영업,0.0
0,0,0,0,0.0
0,0,0,0,0.0
0,0,0,0,0.0
0,0,0,0,0.0
0,0,0,0,0.0
0,0,0,0,0.0
0,0,0,0,0.0
0,0,0,0,0.0
0,0,0,0,0.0
0,0,0,0,0.0
0,0,0,0,0.0
0,0,0,0,0.0
0,0,0,0,0.0
0,0,0,0,0.0
0,0,0,0,0.0
0,0,0,0,0.0
0,0,0,0,0.0
0,0,0,0,0.0
0,0,0,0,0.0
0,0,0,0,0.0
0,0,0,0,0.0
0,0,0,0,0.0
0,0,0,0,0.0
0,0,0,0,0.0
0,0,0,0,0.0
0,0,0,0,0.0
0,0,0,0,0.0
0,0,0,0,0.0
0,0,0,0,0.0
0,0,0,0,0.0
1219,202007,전남,정기 항공 운송업,0.0
0,0,0,0,0.0
0,0,0,0,0.0
0,0,0,0,0.0
0,0,0,0,0.0
0,0,0,0,0.0
0,0,0,0,0.0
0,0,0,0,0.0
0,0,0,0,0.0
0,0,0,0,0.0
0,0,0,0,0.0
0,0,0,0,0.0
0,0,0,0,0.0
0,0,0,0,0.0
0,0,0,0,0.0
1234,202007,전북,그외 기타 분류안된 오락관련 서비스업,0.0
0,0,0,0,0.0
0,0,0,0,0.0
0,0,0,0,0.0
0,0,0,0,0.0
0,0,0,0,0.0
0,0,0,0,0.0
0,0,0,0,0.0
0,0,0,0,0.0
0,0,0,0,0.0
1244,202007,전북,면세점,0.0
0,0,0,0,0.0
0,0,0,0,0.0
0,0,0,0,0.0
0,0,0,0,0.0
0,0,0,0,0.0
0,0,0,0,0.0
0,0,0,0,0.0
0,0,0,0,0.0
0,0,0,0,0.0
0,0,0,0,0.0
0,0,0,0,0.0
0,0,0,0,0.0
0,0,0,0,0.0
0,0,0,0,0.0
0,0,0,0,0.0
0,0,0,0,0.0
0,0,0,0,0.0
0,0,0,0,0.0
0,0,0,0,0.0
0,0,0,0,0.0
0,0,0,0,0.0
0,0,0,0,0.0
0,0,0,0,0.0
0,0,0,0,0.0
0,0,0,0,0.0
0,0,0,0,0.0
0,0,0,0,0.0
0,0,0,0,0.0
0,0,0,0,0.0
0,0,0,0,0.0
0,0,0,0,0.0
0,0,0,0,0.0
0,0,0,0,0.0
0,0,0,0,0.0
0,0,0,0,0.0
0,0,0,0,0.0
0,0,0,0,0.0
0,0,0,0,0.0
0,0,0,0,0.0
0,0,0,0,0.0
0,0,0,0,0.0
1286,202007,제주,버스 운송업,0.0
0,0,0,0,0.0
0,0,0,0,0.0
0,0,0,0,0.0
0,0,0,0,0.0
0,0,0,0,0.0
0,0,0,0,0.0
0,0,0,0,0.0
0,0,0,0,0.0
0,0,0,0,0.0
0,0,0,0,0.0
0,0,0,0,0.0
0,0,0,0,0.0
0,0,0,0,0.0
0,0,0,0,0.0
0,0,0,0,0.0
0,0,0,0,0.0
0,0,0,0,0.0
0,0,0,0,0.0
0,0,0,0,0.0
0,0,0,0,0.0
0,0,0,0,0.0
0,0,0,0,0.0
0,0,0,0,0.0
0,0,0,0,0.0
0,0,0,0,0.0
0,0,0,0,0.0
0,0,0,0,0.0
0,0,0,0,0.0
0,0,0,0,0.0
0,0,0,0,0.0
0,0,0,0,0.0
0,0,0,0,0.0
0,0,0,0,0.0
0,0,0,0,0.0
0,0,0,0,0.0
0,0,0,0,0.0
0,0,0,0,0.0
0,0,0,0,0.0
0,0,0,0,0.0
1326,202007,충남,면세점,0.0
0,0,0,0,0.0
0,0,0,0,0.0
0,0,0,0,0.0
0,0,0,0,0.0
0,0,0,0,0.0
0,0,0,0,0.0
0,0,0,0,0.0
0,0,0,0,0.0
0,0,0,0,0.0
0,0,0,0,0.0
0,0,0,0,0.0
0,0,0,0,0.0
0,0,0,0,0.0
0,0,0,0,0.0
0,0,0,0,0.0
0,0,0,0,0.0
0,0,0,0,0.0
0,0,0,0,0.0
0,0,0,0,0.0
0,0,0,0,0.0
0,0,0,0,0.0
0,0,0,0,0.0
0,0,0,0,0.0
0,0,0,0,0.0
0,0,0,0,0.0
0,0,0,0,0.0
0,0,0,0,0.0
0,0,0,0,0.0
0,0,0,0,0.0
0,0,0,0,0.0
1357,202007,충북,그외 기타 분류안된 오락관련 서비스업,0.0
0,0,0,0,0.0
0,0,0,0,0.0
0,0,0,0,0.0
0,0,0,0,0.0
0,0,0,0,0.0
0,0,0,0,0.0
0,0,0,0,0.0
0,0,0,0,0.0
0,0,0,0,0.0
0,0,0,0,0.0
0,0,0,0,0.0
0,0,0,0,0.0
0,0,0,0,0.0
0,0,0,0,0.0
0,0,0,0,0.0
0,0,0,0,0.0
0,0,0,0,0.0
0,0,0,0,0.0
0,0,0,0,0.0
0,0,0,0,0.0
0,0,0,0,0.0
0,0,0,0,0.0
0,0,0,0,0.0
0,0,0,0,0.0
0,0,0,0,0.0
1383,202007,충북,정기 항공 운송업,0.0
0,0,0,0,0.0
0,0,0,0,0.0
0,0,0,0,0.0
0,0,0,0,0.0
0,0,0,0,0.0
0,0,0,0,0.0
0,0,0,0,0.0
0,0,0,0,0.0
0,0,0,0,0.0
0,0,0,0,0.0
